{"cameraMode":{"drawMode":0,"name":"Shaded","section":"Shading Mode"},"sceneLighting":false,"audioPlay":false,"sceneViewState":{"m_AlwaysRefresh":false,"showFog":true,"showSkybox":false,"showFlares":true,"showImageEffects":true,"showParticleSystems":true,"showVisualEffectGraphs":true,"m_FxEnabled":true},"in2DMode":false,"pivot":{"x":-2.386113405227661,"y":3.724257230758667,"z":-0.17090588808059693},"rotation":{"x":0.1938876360654831,"y":-0.12731708586215974,"z":0.025383304804563524,"w":0.9723981618881226},"size":4.695181369781494,"orthographic":false}