{"cameraMode":{"drawMode":0,"name":"Shaded","section":"Shading Mode"},"sceneLighting":false,"audioPlay":false,"sceneViewState":{"m_AlwaysRefresh":false,"showFog":true,"showSkybox":false,"showFlares":true,"showImageEffects":true,"showParticleSystems":true,"showVisualEffectGraphs":true,"m_FxEnabled":true},"in2DMode":false,"pivot":{"x":-36.563568115234378,"y":1.7533444166183472,"z":-146.77833557128907},"rotation":{"x":-0.001007174258120358,"y":0.9995944499969482,"z":-0.025799091905355455,"w":-0.020365899428725244},"size":7.4276604652404789,"orthographic":false}