{"cameraMode":{"drawMode":0,"name":"Shaded","section":"Shading Mode"},"sceneLighting":false,"audioPlay":false,"sceneViewState":{"showFog":true,"showMaterialUpdate":false,"showSkybox":false,"showFlares":true,"showImageEffects":true,"showParticleSystems":true,"showVisualEffectGraphs":true,"m_FxEnabled":true},"in2DMode":false,"pivot":{"x":85.00109100341797,"y":2.6084094047546388,"z":61.804412841796878},"rotation":{"x":-0.002790318801999092,"y":0.6120173931121826,"z":-0.002297538099810481,"w":-0.7909723520278931},"size":2.679431676864624,"orthographic":false}