{"cameraMode":{"drawMode":0,"name":"Shaded","section":"Shading Mode"},"sceneLighting":false,"audioPlay":false,"sceneViewState":{"m_AlwaysRefresh":false,"showFog":true,"showSkybox":false,"showFlares":true,"showImageEffects":true,"showParticleSystems":true,"showVisualEffectGraphs":true,"m_FxEnabled":true},"in2DMode":false,"pivot":{"x":157.66566467285157,"y":3.7452569007873537,"z":223.7664794921875},"rotation":{"x":-0.03129081800580025,"y":0.9544830322265625,"z":-0.10813458263874054,"w":-0.2762223184108734},"size":10.815679550170899,"orthographic":false}