{"cameraMode":{"drawMode":0,"name":"Shaded","section":"Shading Mode"},"sceneLighting":true,"audioPlay":false,"sceneViewState":{"m_AlwaysRefresh":false,"showFog":true,"showSkybox":true,"showFlares":true,"showImageEffects":true,"showParticleSystems":true,"showVisualEffectGraphs":true,"m_FxEnabled":true},"in2DMode":false,"pivot":{"x":45.27313995361328,"y":3.7662429809570314,"z":6.9358673095703129},"rotation":{"x":-0.0886966809630394,"y":-0.13936813175678254,"z":0.012546028010547161,"w":-0.9862024784088135},"size":64.67059326171875,"orthographic":true}