{"cameraMode":{"drawMode":0,"name":"Shaded","section":"Shading Mode"},"sceneLighting":true,"audioPlay":false,"sceneViewState":{"m_AlwaysRefresh":false,"showFog":true,"showSkybox":true,"showFlares":true,"showImageEffects":true,"showParticleSystems":true,"showVisualEffectGraphs":true,"m_FxEnabled":true},"in2DMode":false,"pivot":{"x":-201.74327087402345,"y":3.379405975341797,"z":-118.1177749633789},"rotation":{"x":0.00838711578398943,"y":-0.6771934628486633,"z":0.007718365639448166,"w":0.7357191443443298},"size":18.41130256652832,"orthographic":true}