{"cameraMode":{"drawMode":0,"name":"Shaded","section":"Shading Mode"},"sceneLighting":true,"audioPlay":false,"sceneViewState":{"m_AlwaysRefresh":false,"showFog":true,"showSkybox":true,"showFlares":true,"showImageEffects":true,"showParticleSystems":true,"showVisualEffectGraphs":true,"m_FxEnabled":true},"in2DMode":false,"pivot":{"x":259.6395568847656,"y":388.27447509765627,"z":-2.7846527099609377},"rotation":{"x":-0.00026679597795009613,"y":0.9996722340583801,"z":-0.022806156426668168,"w":-0.011695732362568379},"size":592.5445556640625,"orthographic":false}