{"cameraMode":{"drawMode":0,"name":"Shaded","section":"Shading Mode"},"sceneLighting":true,"audioPlay":false,"sceneViewState":{"m_AlwaysRefresh":false,"showFog":true,"showSkybox":true,"showFlares":true,"showImageEffects":true,"showParticleSystems":true,"showVisualEffectGraphs":true,"m_FxEnabled":true},"in2DMode":false,"pivot":{"x":-197.69955444335938,"y":6.271800518035889,"z":-120.05538940429688},"rotation":{"x":-0.041468843817710879,"y":0.6941894292831421,"z":-0.03953582048416138,"w":-0.717750608921051},"size":18.226396560668947,"orthographic":false}