{"cameraMode":{"drawMode":0,"name":"Shaded","section":"Shading Mode"},"sceneLighting":false,"audioPlay":false,"sceneViewState":{"m_AlwaysRefresh":false,"showFog":true,"showSkybox":false,"showFlares":true,"showImageEffects":true,"showParticleSystems":true,"showVisualEffectGraphs":true,"m_FxEnabled":true},"in2DMode":false,"pivot":{"x":-34.9522590637207,"y":6.923210144042969,"z":-114.64059448242188},"rotation":{"x":0.16898851096630097,"y":0.009175272658467293,"z":-0.0015763109549880028,"w":0.9855818152427673},"size":3.1189897060394289,"orthographic":false}