{"cameraMode":{"drawMode":0,"name":"Shaded","section":"Shading Mode"},"sceneLighting":false,"audioPlay":false,"sceneViewState":{"m_AlwaysRefresh":false,"showFog":true,"showSkybox":false,"showFlares":true,"showImageEffects":true,"showParticleSystems":true,"showVisualEffectGraphs":true,"m_FxEnabled":true},"in2DMode":false,"pivot":{"x":-2.806516408920288,"y":-0.21610748767852784,"z":256.8006591796875},"rotation":{"x":0.12179173529148102,"y":0.5561375021934509,"z":-0.08246903866529465,"w":0.8180586099624634},"size":1.7257163524627686,"orthographic":false}